GEORGE WASHINGTON, STATE OF THE UNION
GEORGE WASHINGTON, STATE OF THE UNION
GEORGE WASHINGTON, STATE OF THE UNION
GEORGE WASHINGTON, STATE OF THE UNION
GEORGE WASHINGTON, STATE OF THE UNION
GEORGE WASHINGTON, STATE OF THE UNION
GEORGE WASHINGTON, STATE OF THE UNION
GEORGE WASHINGTON, STATE OF THE UNION
JOHN ADAMS, STATE OF THE UNION
JOHN ADAMS, STATE OF THE UNION
JOHN ADAMS, STATE OF THE UNION
JOHN ADAMS, STATE OF THE UNION
THOMAS JEFFERSON, STATE OF THE UNION
THOMAS JEFFERSON, STATE OF THE UNION
THOMAS JEFFERSON, STATE OF THE UNION
THOMAS JEFFERSON, STATE OF THE UNION
THOMAS JEFFERSON, STATE OF THE UNION
THOMAS JEFFERSON, STATE OF THE UNION
THOMAS JEFFERSON, STATE OF THE UNION
THOMAS JEFFERSON, STATE OF THE UNION
JAMES MADISON, STATE OF THE UNION
JAMES MADISON, STATE OF THE UNION
JAMES MADISON, STATE OF THE UNION
JAMES MADISON, STATE OF THE UNION
JAMES MADISON, STATE OF THE UNION
JAMES MADISON, STATE OF THE UNION
JAMES MADISON, STATE OF THE UNION
JAMES MADISON, STATE OF THE UNION
JAMES MONROE, STATE OF THE UNION
JAMES MONROE, STATE OF THE UNION
JAMES MONROE, STATE OF THE UNION
JAMES MONROE, STATE OF THE UNION
JAMES MONROE, STATE OF THE UNION
JAMES MONROE, STATE OF THE UNION
JAMES MONROE, STATE OF THE UNION
JAMES MONROE, STATE OF THE UNION
JOHN QUINCY ADAMS, STATE OF THE UNION
JOHN QUINCY ADAMS, STATE OF THE UNION
JOHN QUINCY ADAMS, STATE OF THE UNION
JOHN QUINCY ADAMS, STATE OF THE UNION
ANDREW JACKSON, STATE OF THE UNION
ANDREW JACKSON, STATE OF THE UNION
ANDREW JACKSON, STATE OF THE UNION
ANDREW JACKSON, STATE OF THE UNION
ANDREW JACKSON, STATE OF THE UNION
ANDREW JACKSON, STATE OF THE UNION
ANDREW JACKSON, STATE OF THE UNION
ANDREW JACKSON, STATE OF THE UNION
MARTIN VAN BUREN, STATE OF THE UNION
MARTIN VAN BUREN, STATE OF THE UNION
MARTIN VAN BUREN, STATE OF THE UNION
MARTIN VAN BUREN, STATE OF THE UNION
JOHN TYLER, STATE OF THE UNION
JOHN TYLER, STATE OF THE UNION
JOHN TYLER, STATE OF THE UNION
JOHN TYLER, STATE OF THE UNION
JAMES POLK, STATE OF THE UNION
JAMES POLK, STATE OF THE UNION
JAMES POLK, STATE OF THE UNION
JAMES POLK, STATE OF THE UNION
ZACHARY TAYLOR, STATE OF THE UNION
MILLARD FILLMORE, STATE OF THE UNION
MILLARD FILLMORE, STATE OF THE UNION
MILLARD FILLMORE, STATE OF THE UNION
FRANKLIN PIERCE, STATE OF THE UNION
FRANKLIN PIERCE, STATE OF THE UNION
FRANKLIN PIERCE, STATE OF THE UNION
FRANKLIN PIERCE, STATE OF THE UNION
JAMES BUCHANAN, STATE OF THE UNION
JAMES BUCHANAN, STATE OF THE UNION
JAMES BUCHANAN, STATE OF THE UNION
JAMES BUCHANAN, STATE OF THE UNION
ABRAHAM LINCOLN, STATE OF THE UNION
ABRAHAM LINCOLN, STATE OF THE UNION
ABRAHAM LINCOLN, STATE OF THE UNION
ABRAHAM LINCOLN, STATE OF THE UNION
ANDREW JOHNSON, STATE OF THE UNION
ANDREW JOHNSON, STATE OF THE UNION
ANDREW JOHNSON, STATE OF THE UNION
ANDREW JOHNSON, STATE OF THE UNION
ULYSSES S. GRANT, STATE OF THE UNION
ULYSSES S. GRANT, STATE OF THE UNION
ULYSSES S. GRANT, STATE OF THE UNION
ULYSSES S. GRANT, STATE OF THE UNION
ULYSSES S. GRANT, STATE OF THE UNION
ULYSSES S. GRANT, STATE OF THE UNION
ULYSSES S. GRANT, STATE OF THE UNION
ULYSSES S. GRANT, STATE OF THE UNION
RUTHERFORD B. HAYES, STATE OF THE UNION
RUTHERFORD B. HAYES, STATE OF THE UNION
RUTHERFORD B. HAYES, STATE OF THE UNION
RUTHERFORD B. HAYES, STATE OF THE UNION
CHESTER A. ARTHUR, STATE OF THE UNION
CHESTER A. ARTHUR, STATE OF THE UNION
CHESTER A. ARTHUR, STATE OF THE UNION
CHESTER A. ARTHUR, STATE OF THE UNION
GROVER CLEVELAND, STATE OF THE UNION
GROVER CLEVELAND, STATE OF THE UNION
GROVER CLEVELAND, STATE OF THE UNION
GROVER CLEVELAND, STATE OF THE UNION
BENJAMIN HARRISON, STATE OF THE UNION
BENJAMIN HARRISON, STATE OF THE UNION
BENJAMIN HARRISON, STATE OF THE UNION
BENJAMIN HARRISON, STATE OF THE UNION
WILLIAM MCKINLEY, STATE OF THE UNION
WILLIAM MCKINLEY, STATE OF THE UNION
WILLIAM MCKINLEY, STATE OF THE UNION
WILLIAM MCKINLEY, STATE OF THE UNION
THEODORE ROOSEVELT, STATE OF THE UNION
THEODORE ROOSEVELT, STATE OF THE UNION
THEODORE ROOSEVELT, STATE OF THE UNION
THEODORE ROOSEVELT, STATE OF THE UNION
THEODORE ROOSEVELT, STATE OF THE UNION
THEODORE ROOSEVELT, STATE OF THE UNION
THEODORE ROOSEVELT, STATE OF THE UNION
THEODORE ROOSEVELT, STATE OF THE UNION
WILLIAM H. TAFT, STATE OF THE UNION
WILLIAM H. TAFT, STATE OF THE UNION
WILLIAM H. TAFT, STATE OF THE UNION
WILLIAM H. TAFT, STATE OF THE UNION
WOODROW WILSON, STATE OF THE UNION
WOODROW WILSON, STATE OF THE UNION
WOODROW WILSON, STATE OF THE UNION
WOODROW WILSON, STATE OF THE UNION
WOODROW WILSON, STATE OF THE UNION
WOODROW WILSON, STATE OF THE UNION
WOODROW WILSON, STATE OF THE UNION
WOODROW WILSON, STATE OF THE UNION
WARREN HARDING, STATE OF THE UNION
WARREN HARDING, STATE OF THE UNION
CALVIN COOLIDGE, STATE OF THE UNION
CALVIN COOLIDGE, STATE OF THE UNION
CALVIN COOLIDGE, STATE OF THE UNION
CALVIN COOLIDGE, STATE OF THE UNION
CALVIN COOLIDGE, STATE OF THE UNION
CALVIN COOLIDGE, STATE OF THE UNION
HERBERT HOOVER, STATE OF THE UNION
HERBERT HOOVER, STATE OF THE UNION
HERBERT HOOVER, STATE OF THE UNION
HERBERT HOOVER, STATE OF THE UNION
FRANKLIN D. ROOSEVELT, STATE OF THE UNION
FRANKLIN D. ROOSEVELT, STATE OF THE UNION
FRANKLIN D. ROOSEVELT, STATE OF THE UNION
FRANKLIN D. ROOSEVELT, STATE OF THE UNION
FRANKLIN D. ROOSEVELT, STATE OF THE UNION
FRANKLIN D. ROOSEVELT, STATE OF THE UNION
FRANKLIN D. ROOSEVELT, STATE OF THE UNION
FRANKLIN D. ROOSEVELT, STATE OF THE UNION
FRANKLIN D. ROOSEVELT, STATE OF THE UNION
FRANKLIN D. ROOSEVELT, STATE OF THE UNION
FRANKLIN D. ROOSEVELT, STATE OF THE UNION
FRANKLIN D. ROOSEVELT, STATE OF THE UNION
HARRY S. TRUMAN, STATE OF THE UNION
HARRY S. TRUMAN, STATE OF THE UNION
HARRY S. TRUMAN, STATE OF THE UNION
HARRY S. TRUMAN, STATE OF THE UNION
HARRY S. TRUMAN, STATE OF THE UNION
HARRY S. TRUMAN, STATE OF THE UNION
HARRY S. TRUMAN, STATE OF THE UNION
HARRY S. TRUMAN, STATE OF THE UNION
DWIGHT D. EISENHOWER, STATE OF THE UNION
DWIGHT D. EISENHOWER, STATE OF THE UNION
DWIGHT D. EISENHOWER, STATE OF THE UNION
DWIGHT D. EISENHOWER, STATE OF THE UNION
DWIGHT D. EISENHOWER, STATE OF THE UNION
DWIGHT D. EISENHOWER, STATE OF THE UNION
DWIGHT D. EISENHOWER, STATE OF THE UNION
DWIGHT D. EISENHOWER, STATE OF THE UNION
DWIGHT D. EISENHOWER, STATE OF THE UNION
JOHN F. KENNEDY, STATE OF THE UNION
JOHN F. KENNEDY, STATE OF THE UNION
JOHN F. KENNEDY, STATE OF THE UNION
LYNDON B. JOHNSON, STATE OF THE UNION
LYNDON B. JOHNSON, STATE OF THE UNION
LYNDON B. JOHNSON, STATE OF THE UNION
LYNDON B. JOHNSON, STATE OF THE UNION
LYNDON B. JOHNSON, STATE OF THE UNION
LYNDON B. JOHNSON, STATE OF THE UNION
RICHARD NIXON, STATE OF THE UNION
RICHARD NIXON, STATE OF THE UNION
RICHARD NIXON, STATE OF THE UNION
RICHARD NIXON, STATE OF THE UNION
RICHARD NIXON, STATE OF THE UNION
GERALD R. FORD, STATE OF THE UNION
GERALD R. FORD, STATE OF THE UNION
GERALD R. FORD, STATE OF THE UNION
JIMMY CARTER, STATE OF THE UNION
JIMMY CARTER, STATE OF THE UNION
JIMMY CARTER, STATE OF THE UNION
JIMMY CARTER, STATE OF THE UNION
RONALD REAGAN, STATE OF THE UNION
RONALD REAGAN, STATE OF THE UNION
RONALD REAGAN, STATE OF THE UNION
RONALD REAGAN, STATE OF THE UNION
RONALD REAGAN, STATE OF THE UNION
RONALD REAGAN, STATE OF THE UNION
RONALD REAGAN, STATE OF THE UNION
GEORGE H.W. BUSH, STATE OF THE UNION
GEORGE H.W. BUSH, STATE OF THE UNION
GEORGE H.W. BUSH, STATE OF THE UNION
WILLIAM J. CLINTON, STATE OF THE UNION
WILLIAM J. CLINTON, STATE OF THE UNION
WILLIAM J. CLINTON, STATE OF THE UNION
WILLIAM J. CLINTON, STATE OF THE UNION
WILLIAM J. CLINTON, STATE OF THE UNION
WILLIAM J. CLINTON, STATE OF THE UNION
WILLIAM J. CLINTON, STATE OF THE UNION
GEORGE W. BUSH, STATE OF THE UNION
GEORGE W. BUSH, STATE OF THE UNION
GEORGE W. BUSH, STATE OF THE UNION
GEORGE W. BUSH, STATE OF THE UNION
GEORGE W. BUSH, STATE OF THE UNION
GEORGE W. BUSH, STATE OF THE UNION
GEORGE W. BUSH, STATE OF THE UNION
